Id,Class
755725.jpg,2
239260.jpg,4
357874.jpg,4
503277.jpg,4
192830.jpg,4
907141.jpg,3
193624.jpg,4
440464.jpg,3
552945.jpg,3
902059.jpg,4
614514.jpg,3
582515.jpg,4
329927.jpg,2
705615.jpg,2
113406.jpg,3
322971.jpg,2
957150.jpg,4
952631.jpg,0
256846.jpg,4
683510.jpg,2
776406.jpg,0
903673.jpg,4
473276.jpg,3
959398.jpg,2
130680.jpg,2
223928.jpg,2
951703.jpg,2
359662.jpg,2
680822.jpg,3
563892.jpg,0
473395.jpg,3
143122.jpg,2
781605.jpg,4
921834.jpg,2
685616.jpg,4
905849.jpg,0
390088.jpg,2
954672.jpg,3
772240.jpg,0
753880.jpg,3
238440.jpg,0
578073.jpg,3
289633.jpg,3
853489.jpg,0
985555.jpg,0
741804.jpg,4
417765.jpg,0
898678.jpg,3
760047.jpg,0
948228.jpg,3
889327.jpg,0
447832.jpg,2
859767.jpg,2
419939.jpg,4
910326.jpg,0
391345.jpg,0
112885.jpg,4
481884.jpg,4
692354.jpg,3
485306.jpg,3
671598.jpg,3
728700.jpg,4
236878.jpg,4
387347.jpg,4
387748.jpg,3
206816.jpg,4
687324.jpg,0
580255.jpg,4
668784.jpg,2
790995.jpg,2
847948.jpg,3
781301.jpg,4
507466.jpg,4
456637.jpg,2
835325.jpg,2
611994.jpg,4
651380.jpg,3
557318.jpg,2
404704.jpg,4
228957.jpg,0
352415.jpg,3
962283.jpg,4
441974.jpg,3
910707.jpg,4
375382.jpg,0
556957.jpg,4
216211.jpg,2
126596.jpg,4
258612.jpg,4
319205.jpg,1
135527.jpg,4
219502.jpg,0
448813.jpg,3
593687.jpg,4
843793.jpg,4
487629.jpg,0
566428.jpg,2
624548.jpg,3
624977.jpg,2
895262.jpg,0
575279.jpg,3
615318.jpg,0
307731.jpg,4
860480.jpg,0
648532.jpg,0
792439.jpg,4
927527.jpg,0
616935.jpg,3
211954.jpg,0
481405.jpg,3
328598.jpg,2
478816.jpg,2
319765.jpg,4
740231.jpg,2
712710.jpg,2
215482.jpg,2
305625.jpg,3
433025.jpg,3
525051.jpg,4
557629.jpg,2
211035.jpg,2
938202.jpg,3
139704.jpg,0
300070.jpg,3
629283.jpg,3
263568.jpg,4
137285.jpg,4
983825.jpg,3
651001.jpg,4
940946.jpg,3
450741.jpg,0
123572.jpg,4
705561.jpg,0
742731.jpg,0
536754.jpg,3
741194.jpg,0
537110.jpg,2
706005.jpg,3
512369.jpg,4
294078.jpg,4
455081.jpg,0
171252.jpg,4
111846.jpg,4
428486.jpg,4
997287.jpg,4
907812.jpg,0
542563.jpg,0
625600.jpg,3
888133.jpg,0
200485.jpg,4
785592.jpg,3
440424.jpg,2
246740.jpg,0
729252.jpg,0
904291.jpg,4
829630.jpg,2
145209.jpg,3
174132.jpg,2
114800.jpg,0
271746.jpg,0
587467.jpg,2
469311.jpg,3
101429.jpg,3
941218.jpg,0
587546.jpg,2
271241.jpg,2
480632.jpg,4
661023.jpg,4
187336.jpg,2
333858.jpg,3
664139.jpg,4
296284.jpg,0
658850.jpg,2
581037.jpg,4
364039.jpg,4
753518.jpg,2
160101.jpg,2
280572.jpg,0
687234.jpg,2
543621.jpg,4
670123.jpg,2
239849.jpg,3
298287.jpg,2
553959.jpg,2
696152.jpg,4
863220.jpg,2
931145.jpg,3
151295.jpg,4
656921.jpg,4
663539.jpg,2
941363.jpg,0
145383.jpg,4
304899.jpg,0
947228.jpg,0
153802.jpg,3
704570.jpg,0
938663.jpg,4
306879.jpg,2
868136.jpg,4
327357.jpg,4
826515.jpg,4
138895.jpg,4
722871.jpg,4
360732.jpg,2
616780.jpg,4
406461.jpg,0
775733.jpg,3
844033.jpg,4
324411.jpg,4
382400.jpg,3
344026.jpg,2
390849.jpg,2
336845.jpg,2
586554.jpg,4
919234.jpg,3
261245.jpg,0
448884.jpg,0
158777.jpg,4
158639.jpg,4
677759.jpg,4
248989.jpg,4
937798.jpg,2
980303.jpg,0
267800.jpg,2
158770.jpg,0
100193.jpg,3
754911.jpg,4
710434.jpg,2
281493.jpg,2
445217.jpg,3
225152.jpg,4
873624.jpg,3
862398.jpg,3
398194.jpg,2
190674.jpg,2
959324.jpg,4
740916.jpg,0
861594.jpg,0
431603.jpg,0
317723.jpg,0
201987.jpg,4
244818.jpg,2
585168.jpg,0
521530.jpg,0
414186.jpg,4
826959.jpg,4
208111.jpg,0
193298.jpg,3
795759.jpg,2
964119.jpg,0
512509.jpg,3
629342.jpg,0
422998.jpg,4
735111.jpg,4
867333.jpg,2
788784.jpg,3
433765.jpg,4
507374.jpg,2
243030.jpg,2
723879.jpg,0
425434.jpg,3
156964.jpg,4
737692.jpg,4
840255.jpg,3
642479.jpg,2
729554.jpg,0
185741.jpg,4
806242.jpg,4
357143.jpg,0
163648.jpg,4
863933.jpg,0
954142.jpg,4
512064.jpg,3
245664.jpg,4
543473.jpg,0
757667.jpg,2
733643.jpg,2
294954.jpg,4
860321.jpg,4
730421.jpg,0
456032.jpg,0
450541.jpg,0
872882.jpg,4
302365.jpg,2
244697.jpg,2
713886.jpg,3
642337.jpg,3
576769.jpg,2
344131.jpg,2
537400.jpg,4
688426.jpg,4
876000.jpg,2
647312.jpg,0
475815.jpg,4
113950.jpg,4
183262.jpg,3
850490.jpg,3
632056.jpg,3
732471.jpg,4
548906.jpg,0
769795.jpg,4
254228.jpg,0
277409.jpg,4
518582.jpg,0
998392.jpg,2
712018.jpg,4
934637.jpg,3
211072.jpg,0
500080.jpg,4
778675.jpg,0
599135.jpg,2
417329.jpg,3
983687.jpg,0
988869.jpg,2
647098.jpg,0
828205.jpg,4
311118.jpg,4
300992.jpg,2
455446.jpg,2
464750.jpg,4
559990.jpg,3
792829.jpg,0
491438.jpg,4
818530.jpg,4
948878.jpg,2
626138.jpg,4
735465.jpg,0
297503.jpg,2
962671.jpg,0
556329.jpg,3
923073.jpg,4
185000.jpg,4
223794.jpg,2
575159.jpg,4
443312.jpg,0
799155.jpg,0
975744.jpg,3
838315.jpg,2
555193.jpg,4
828813.jpg,1
432918.jpg,0
731347.jpg,3
487158.jpg,4
185782.jpg,3
599583.jpg,2
196973.jpg,2
513583.jpg,4
273659.jpg,4
548509.jpg,3
357201.jpg,2
196407.jpg,3
838747.jpg,3
188501.jpg,2
223654.jpg,4
430463.jpg,4
935741.jpg,3
583507.jpg,2
732464.jpg,0
761249.jpg,3
770905.jpg,0
966286.jpg,4
644153.jpg,0
423050.jpg,3
911259.jpg,4
439113.jpg,0
626725.jpg,4
867260.jpg,2
118528.jpg,4
154382.jpg,2
557949.jpg,3
751297.jpg,3
131208.jpg,3
781121.jpg,4
965814.jpg,4
414070.jpg,0
888669.jpg,4
938603.jpg,2
123316.jpg,2
455136.jpg,4
567096.jpg,0
242348.jpg,2
952308.jpg,2
633450.jpg,2
962253.jpg,4
286037.jpg,3
654640.jpg,2
871051.jpg,3
639031.jpg,4
302472.jpg,2
475351.jpg,4
658424.jpg,4
596489.jpg,4
606489.jpg,3
818739.jpg,4
985893.jpg,3
636107.jpg,2
746703.jpg,3
481088.jpg,4
131566.jpg,2
718115.jpg,0
615959.jpg,2
472899.jpg,4
620021.jpg,4
494617.jpg,0
938759.jpg,2
394083.jpg,2
200318.jpg,2
141158.jpg,2
990742.jpg,2
161132.jpg,3
432731.jpg,0
277292.jpg,4
154067.jpg,3
411762.jpg,0
580854.jpg,3
563339.jpg,4
706770.jpg,2
227916.jpg,4
621199.jpg,0
168637.jpg,2
405202.jpg,4
672967.jpg,3
689567.jpg,3
774588.jpg,2
791567.jpg,4
652005.jpg,0
958976.jpg,4
282605.jpg,0
184891.jpg,4
561023.jpg,4
502233.jpg,2
871939.jpg,4
875369.jpg,3
367946.jpg,0
834312.jpg,3
488414.jpg,0
794391.jpg,3
616926.jpg,0
197102.jpg,0
293079.jpg,3
890645.jpg,4
350069.jpg,0
319393.jpg,2
898395.jpg,2
269087.jpg,2
311741.jpg,0
363470.jpg,4
117215.jpg,0
513474.jpg,2
495400.jpg,2
957179.jpg,2
350067.jpg,4
114663.jpg,4
410089.jpg,4
821469.jpg,0
444053.jpg,3
900040.jpg,4
575436.jpg,0
775105.jpg,4
556943.jpg,2
319770.jpg,4
217996.jpg,0
125151.jpg,3
188006.jpg,2
724041.jpg,4
938373.jpg,3
747033.jpg,4
793029.jpg,4
215695.jpg,4
314656.jpg,2
951307.jpg,3
220213.jpg,4
372273.jpg,2
987168.jpg,3
906519.jpg,2
221703.jpg,3
491704.jpg,3
620509.jpg,2
929029.jpg,4
596349.jpg,3
981336.jpg,4
373342.jpg,3
893041.jpg,0
898134.jpg,4
370196.jpg,3
807901.jpg,4
633243.jpg,3
719752.jpg,3
642060.jpg,0
444582.jpg,3
447372.jpg,4
194560.jpg,3
639915.jpg,0
760035.jpg,2
977634.jpg,4
122532.jpg,0
662625.jpg,0
614178.jpg,4
250038.jpg,2
189450.jpg,4
882692.jpg,0
945522.jpg,2
707913.jpg,2
701380.jpg,4
731364.jpg,4
585242.jpg,4
375436.jpg,3
668882.jpg,2
521195.jpg,2
119627.jpg,2
335122.jpg,4
850435.jpg,3
330063.jpg,0
155004.jpg,4
675547.jpg,4
925455.jpg,4
127223.jpg,2
269999.jpg,4
377238.jpg,4
919621.jpg,4
204441.jpg,3
978821.jpg,4
303129.jpg,0
115743.jpg,4
694764.jpg,3
653007.jpg,3
591223.jpg,4
416509.jpg,2
300814.jpg,0
624953.jpg,0
486996.jpg,4
929478.jpg,4
776106.jpg,4
871501.jpg,2
217369.jpg,0
843470.jpg,2
199099.jpg,3
769448.jpg,0
171542.jpg,4
579946.jpg,0
683707.jpg,4
636648.jpg,4
429776.jpg,0
227630.jpg,2
512608.jpg,0
830322.jpg,0
241021.jpg,3
916558.jpg,4
147722.jpg,0
359870.jpg,2
842133.jpg,0
439173.jpg,2
880550.jpg,3
254920.jpg,2
922412.jpg,2
841978.jpg,2
228270.jpg,4
666157.jpg,4
323491.jpg,3
696557.jpg,4
102049.jpg,2
760141.jpg,3
842508.jpg,2
679577.jpg,0
120005.jpg,4
107574.jpg,4
766311.jpg,3
799806.jpg,4
126146.jpg,4
667735.jpg,4
289430.jpg,0
415504.jpg,3
178979.jpg,0
804299.jpg,0
481969.jpg,0
331287.jpg,0
206105.jpg,0
934259.jpg,0
317208.jpg,4
702553.jpg,2
395485.jpg,2
935461.jpg,4
961186.jpg,0
591022.jpg,0
567836.jpg,4
712916.jpg,4
335455.jpg,4
210639.jpg,4
281301.jpg,2
378035.jpg,4
703945.jpg,4
431023.jpg,4
615353.jpg,0
108840.jpg,3
452497.jpg,3
606773.jpg,0
567220.jpg,2
762903.jpg,3
483010.jpg,0
748985.jpg,4
723068.jpg,4
428961.jpg,2
914854.jpg,3
535878.jpg,4
447617.jpg,4
416006.jpg,3
885829.jpg,3
281965.jpg,4
832411.jpg,2
287693.jpg,4
293720.jpg,3
283027.jpg,3
199335.jpg,3
532068.jpg,4
631741.jpg,4
905625.jpg,4
827497.jpg,4
923532.jpg,4
347625.jpg,2
665593.jpg,3
728672.jpg,0
133164.jpg,2
866591.jpg,4
499442.jpg,4
712454.jpg,3
321321.jpg,4
283877.jpg,4
792984.jpg,4
744324.jpg,0
513316.jpg,3
805796.jpg,3
284431.jpg,4
346898.jpg,2
931578.jpg,2
907562.jpg,2
850413.jpg,2
773452.jpg,2
814622.jpg,2
585936.jpg,2
124851.jpg,2
975930.jpg,4
789969.jpg,2
389809.jpg,0
440536.jpg,3
435772.jpg,4
758342.jpg,2
988811.jpg,2
902903.jpg,2
551601.jpg,4
142859.jpg,3
668573.jpg,3
356092.jpg,4
516379.jpg,0
380951.jpg,4
816047.jpg,4
758894.jpg,2
680557.jpg,4
966384.jpg,0
409499.jpg,2
700896.jpg,4
144283.jpg,4
655919.jpg,0
792232.jpg,4
194834.jpg,3
832356.jpg,3
632623.jpg,0
130401.jpg,3
347978.jpg,2
835363.jpg,4
530794.jpg,0
897846.jpg,2
288646.jpg,0
241422.jpg,2
520075.jpg,4
702593.jpg,0
158743.jpg,0
657942.jpg,0
613742.jpg,0
966929.jpg,4
224138.jpg,0
117094.jpg,2
645752.jpg,4
899484.jpg,4
142581.jpg,3
680990.jpg,3
907924.jpg,0
427162.jpg,3
471512.jpg,2
164468.jpg,4
348636.jpg,0
453729.jpg,4
188374.jpg,0
750882.jpg,2
337730.jpg,3
408261.jpg,2
427305.jpg,4
826048.jpg,3
906584.jpg,3
565808.jpg,0
972712.jpg,2
371914.jpg,4
575718.jpg,2
148381.jpg,4
313013.jpg,4
754688.jpg,4
617708.jpg,2
697978.jpg,3
560823.jpg,0
729108.jpg,2
889460.jpg,2
421697.jpg,2
237606.jpg,2
487585.jpg,2
686741.jpg,4
881410.jpg,0
394790.jpg,0
775192.jpg,3
155337.jpg,0
908812.jpg,4
650775.jpg,2
278190.jpg,0
308535.jpg,4
342397.jpg,4
444622.jpg,3
844305.jpg,0
974774.jpg,4
500560.jpg,2
920960.jpg,0
321092.jpg,4
317273.jpg,2
227706.jpg,4
925571.jpg,4
135087.jpg,4
628709.jpg,0
577100.jpg,4
799282.jpg,2
718265.jpg,4
141683.jpg,0
164401.jpg,3
374516.jpg,0
628027.jpg,2
106087.jpg,4
480481.jpg,0
948612.jpg,3
688098.jpg,4
487538.jpg,2
728635.jpg,3
658131.jpg,4
907483.jpg,2
957710.jpg,2
365978.jpg,0
332873.jpg,2
172961.jpg,3
894617.jpg,3
377860.jpg,0
162976.jpg,2
501384.jpg,4
506968.jpg,0
873584.jpg,4
465227.jpg,0
309174.jpg,0
698708.jpg,4
213132.jpg,3
839389.jpg,4
221628.jpg,3
426087.jpg,0
140382.jpg,4
414477.jpg,4
631297.jpg,4
146372.jpg,0
690500.jpg,4
217683.jpg,4
521943.jpg,2
700687.jpg,4
976042.jpg,3
596771.jpg,4
983360.jpg,3
492124.jpg,4
784781.jpg,4
584935.jpg,2
364132.jpg,3
776838.jpg,0
913920.jpg,4
372935.jpg,3
964371.jpg,3
739037.jpg,2
477755.jpg,3
548324.jpg,3
614064.jpg,2
166447.jpg,2
944510.jpg,2
708614.jpg,0
681896.jpg,2
448475.jpg,4
233882.jpg,2
242514.jpg,4
991640.jpg,2
175532.jpg,4
667650.jpg,3
252627.jpg,2
618306.jpg,0
632959.jpg,4
487728.jpg,4
715855.jpg,3
910090.jpg,3
621919.jpg,3
301774.jpg,4
384218.jpg,3
889759.jpg,2
636256.jpg,0
103704.jpg,2
476485.jpg,2
953957.jpg,0
920114.jpg,4
697944.jpg,4
597920.jpg,4
612729.jpg,4
883586.jpg,3
262230.jpg,0
782583.jpg,4
820426.jpg,2
394620.jpg,4
258477.jpg,0
234476.jpg,0
253672.jpg,0
755910.jpg,4
440677.jpg,3
100884.jpg,4
309794.jpg,4
887017.jpg,2
663646.jpg,0
659461.jpg,3
900771.jpg,2
980266.jpg,4
526504.jpg,2
785836.jpg,4
270757.jpg,2
510762.jpg,2
760525.jpg,0
462021.jpg,3
935176.jpg,4
795350.jpg,4
286572.jpg,4
477789.jpg,3
403657.jpg,2
401663.jpg,2
788108.jpg,3
925663.jpg,0
492435.jpg,4
948802.jpg,0
241879.jpg,4
252656.jpg,2
272769.jpg,4
689964.jpg,2
813269.jpg,2
799061.jpg,4
627935.jpg,4
430201.jpg,3
382795.jpg,4
727983.jpg,2
711033.jpg,2
305611.jpg,4
390756.jpg,4
305888.jpg,3
175231.jpg,4
278026.jpg,3
231165.jpg,3
850582.jpg,2
236708.jpg,4
684080.jpg,2
916368.jpg,3
720928.jpg,0
709845.jpg,3
867543.jpg,4
535945.jpg,4
150051.jpg,4
426806.jpg,4
125382.jpg,4
244360.jpg,3
716366.jpg,4
933729.jpg,4
921169.jpg,3
816742.jpg,2
756602.jpg,2
264845.jpg,2
986850.jpg,4
188896.jpg,4
746915.jpg,4
118223.jpg,3
422722.jpg,4
623452.jpg,2
374375.jpg,4
764678.jpg,4
956360.jpg,0
904894.jpg,4
598312.jpg,4
285679.jpg,2
644861.jpg,3
846030.jpg,4
291542.jpg,4
732829.jpg,2
951706.jpg,2
936782.jpg,3
836677.jpg,2
198867.jpg,0
761282.jpg,4
373646.jpg,2
496011.jpg,4
555844.jpg,2
935981.jpg,0
475202.jpg,4
166595.jpg,0
352036.jpg,4
499060.jpg,4
902716.jpg,4
691088.jpg,0
336858.jpg,3
134697.jpg,4
378937.jpg,0
862627.jpg,4
174703.jpg,0
409834.jpg,4
804827.jpg,0
265725.jpg,2
177312.jpg,2
699716.jpg,4
980764.jpg,2
957525.jpg,4
682813.jpg,2
335391.jpg,0
274912.jpg,4
686464.jpg,3
412434.jpg,4
334665.jpg,0
587402.jpg,0
439966.jpg,3
893853.jpg,0
981621.jpg,4
901305.jpg,0
313630.jpg,2
379133.jpg,4
385831.jpg,4
997935.jpg,0
547180.jpg,4
158232.jpg,4
667273.jpg,0
776185.jpg,3
645980.jpg,3
890109.jpg,4
395548.jpg,3
443492.jpg,4
339266.jpg,4
256501.jpg,4
965472.jpg,2
854388.jpg,3
664570.jpg,2
152906.jpg,2
199907.jpg,4
830361.jpg,2
940494.jpg,3
192296.jpg,0
986340.jpg,4
249809.jpg,4
552091.jpg,3
275160.jpg,2
398301.jpg,0
460875.jpg,4
195446.jpg,4
423047.jpg,3
419891.jpg,2
454123.jpg,4
930382.jpg,0
981723.jpg,0
414985.jpg,2
216335.jpg,4
166292.jpg,0
402001.jpg,0
276324.jpg,2
829928.jpg,0
560163.jpg,4
737967.jpg,2
775987.jpg,0
447195.jpg,3
762288.jpg,4
536770.jpg,4
875795.jpg,4
693071.jpg,4
451801.jpg,4
210338.jpg,0
852658.jpg,3
783362.jpg,0
391265.jpg,4
699378.jpg,2
825452.jpg,3
514603.jpg,2
489967.jpg,3
599676.jpg,2
366431.jpg,2
741784.jpg,2
453796.jpg,2
349185.jpg,2
403859.jpg,4
168815.jpg,2
733152.jpg,4
537211.jpg,2
549622.jpg,3
593002.jpg,4
105466.jpg,0
319401.jpg,3
708222.jpg,4
629247.jpg,0
655953.jpg,2
622600.jpg,0
520422.jpg,4
301908.jpg,4
428487.jpg,4
717466.jpg,3
650912.jpg,2
391427.jpg,2
421383.jpg,4
916814.jpg,4
721549.jpg,1
108474.jpg,3
435209.jpg,0
278386.jpg,0
875282.jpg,0
567636.jpg,2
405677.jpg,3
307897.jpg,3
576111.jpg,2
288288.jpg,3
419644.jpg,3
126000.jpg,3
618101.jpg,3
564053.jpg,0
904857.jpg,4
233299.jpg,3
942570.jpg,2
824619.jpg,2
514118.jpg,4
347399.jpg,4
705822.jpg,3
105409.jpg,2
892182.jpg,0
338475.jpg,2
418853.jpg,4
931247.jpg,4
617795.jpg,4
840719.jpg,2
395536.jpg,4
575470.jpg,0
596144.jpg,4
106907.jpg,4
308314.jpg,4
847732.jpg,4
200780.jpg,4
286710.jpg,3
416662.jpg,3
756470.jpg,0
148943.jpg,2
757203.jpg,4
623058.jpg,3
788047.jpg,4
667059.jpg,2
907455.jpg,4
992649.jpg,0
439121.jpg,0
837496.jpg,4
606743.jpg,0
894417.jpg,2
970840.jpg,0
310445.jpg,4
214027.jpg,4
508892.jpg,4
216359.jpg,4
441013.jpg,0
614382.jpg,0
818807.jpg,2
115208.jpg,0
227391.jpg,3
724478.jpg,3
628687.jpg,4
547724.jpg,4
826648.jpg,4
943349.jpg,4
163098.jpg,4
591507.jpg,3
437262.jpg,2
347864.jpg,4
790666.jpg,3
230824.jpg,4
528468.jpg,2
281708.jpg,2
238661.jpg,0
459443.jpg,2
213284.jpg,2
836984.jpg,3
289373.jpg,3
928580.jpg,0
279581.jpg,4
762917.jpg,3
509260.jpg,2
783932.jpg,4
552259.jpg,4
431570.jpg,0
792244.jpg,3
167853.jpg,0
318379.jpg,3
191621.jpg,3
714496.jpg,2
804237.jpg,4
724145.jpg,2
180558.jpg,3
865380.jpg,0
452001.jpg,3
612743.jpg,3
384111.jpg,2
640418.jpg,2
157450.jpg,2
665847.jpg,4
169966.jpg,4
449970.jpg,4
137432.jpg,4
237664.jpg,0
593808.jpg,2
709418.jpg,2
542995.jpg,4
172769.jpg,2
979668.jpg,3
509054.jpg,4
809699.jpg,3
901834.jpg,2
883997.jpg,3
830714.jpg,2
441183.jpg,4
460517.jpg,2
818666.jpg,4
147702.jpg,2
933048.jpg,4
256206.jpg,3
218661.jpg,3
508937.jpg,0
423668.jpg,0
826897.jpg,3
962529.jpg,2
524769.jpg,0
710256.jpg,4
877444.jpg,3
685253.jpg,4
571785.jpg,2
993916.jpg,3
817303.jpg,0
789365.jpg,0
952262.jpg,4
806357.jpg,0
828834.jpg,2
309385.jpg,2
586849.jpg,2
434132.jpg,4
807424.jpg,2
468591.jpg,0
446569.jpg,2
308795.jpg,4
366776.jpg,2
444136.jpg,4
491330.jpg,3
452207.jpg,4
173807.jpg,3
138328.jpg,3
423256.jpg,3
659565.jpg,4
265488.jpg,4
129824.jpg,2
601903.jpg,3
763393.jpg,3
115063.jpg,4
611559.jpg,0
651978.jpg,3
145594.jpg,3
699780.jpg,3
768914.jpg,0
937750.jpg,2
729057.jpg,3
805483.jpg,2
580115.jpg,4
846635.jpg,2
714012.jpg,4
854701.jpg,2
581592.jpg,3
321960.jpg,0
443772.jpg,2
503472.jpg,2
811572.jpg,1
288128.jpg,2
694806.jpg,3
685661.jpg,4
236381.jpg,4
611133.jpg,0
920150.jpg,4
668096.jpg,2
182020.jpg,3
746154.jpg,0
880623.jpg,0
588316.jpg,4
405831.jpg,4
525505.jpg,4
201013.jpg,2
779564.jpg,3
849579.jpg,3
402143.jpg,2
652654.jpg,2
946309.jpg,4
816712.jpg,2
650164.jpg,4
155846.jpg,4
768990.jpg,3
188049.jpg,0
276953.jpg,0
811351.jpg,4
903398.jpg,0
206663.jpg,2
365271.jpg,4
943584.jpg,4
346924.jpg,2
624629.jpg,4
267666.jpg,2
872652.jpg,4
643899.jpg,3
298561.jpg,4
248097.jpg,4
269170.jpg,0
212537.jpg,4
194604.jpg,3
916344.jpg,3
843647.jpg,0
945091.jpg,3
825104.jpg,0
941566.jpg,0
313340.jpg,4
219710.jpg,0
479030.jpg,4
220020.jpg,2
571980.jpg,3
409380.jpg,2
587227.jpg,3
518114.jpg,3
795684.jpg,2
698717.jpg,4
532007.jpg,4
621091.jpg,0
577456.jpg,4
779259.jpg,4
685934.jpg,0
380859.jpg,2
319984.jpg,0
230889.jpg,3
222596.jpg,3
106940.jpg,4
821783.jpg,2
848152.jpg,4
256189.jpg,4
151047.jpg,2
546915.jpg,4
465124.jpg,4
461996.jpg,4
807905.jpg,2
461260.jpg,4
630930.jpg,0
489511.jpg,2
641228.jpg,3
906731.jpg,4
439254.jpg,4
819871.jpg,0
757258.jpg,2
470771.jpg,0
930958.jpg,0
666366.jpg,4
391433.jpg,3
993473.jpg,2
372144.jpg,3
655338.jpg,2
882209.jpg,2
114400.jpg,4
845941.jpg,0
236543.jpg,0
186518.jpg,4
972496.jpg,3
538539.jpg,2
532876.jpg,4
342128.jpg,2
318217.jpg,2
222517.jpg,3
686181.jpg,3
677457.jpg,0
688297.jpg,4
941792.jpg,4
865630.jpg,2
843007.jpg,4
706174.jpg,2
677295.jpg,2
405925.jpg,4
502265.jpg,2
656011.jpg,4
249274.jpg,4
122876.jpg,4
724103.jpg,4
319606.jpg,4
412938.jpg,4
935762.jpg,0
181721.jpg,4
236014.jpg,3
918871.jpg,4
157259.jpg,3
193653.jpg,3
793360.jpg,3
399803.jpg,2
705445.jpg,0
496566.jpg,0
750338.jpg,4
574386.jpg,3
176452.jpg,3
984769.jpg,2
658272.jpg,4
370463.jpg,3
719145.jpg,4
662203.jpg,0
358635.jpg,4
460550.jpg,4
615530.jpg,2
255245.jpg,4
715732.jpg,2
345076.jpg,3
433193.jpg,2
130310.jpg,0
107482.jpg,4
137581.jpg,4
417905.jpg,4
323589.jpg,2
642752.jpg,4
791354.jpg,2
684632.jpg,4
621711.jpg,4
763529.jpg,2
928226.jpg,4
600296.jpg,2
561362.jpg,0
704402.jpg,4
547820.jpg,4
416298.jpg,2
604098.jpg,2
191962.jpg,2
983533.jpg,3
515131.jpg,4
543410.jpg,4
276919.jpg,4
601365.jpg,2
384685.jpg,4
316612.jpg,3
284630.jpg,4
268600.jpg,2
469844.jpg,4
827191.jpg,2
157105.jpg,2
975224.jpg,3
992805.jpg,2
692282.jpg,3
698388.jpg,0
344831.jpg,3
875089.jpg,4
854787.jpg,4
223792.jpg,4
740774.jpg,3
192742.jpg,4
795732.jpg,2
185362.jpg,4
106029.jpg,4
652266.jpg,4
564620.jpg,4
183336.jpg,3
233730.jpg,2
784196.jpg,4
339038.jpg,2
139569.jpg,2
328994.jpg,4
963930.jpg,2
468609.jpg,3
279594.jpg,3
603164.jpg,2
861911.jpg,2
292913.jpg,2
823092.jpg,0
402274.jpg,3
148045.jpg,4
297955.jpg,2
905942.jpg,4
450861.jpg,3
791442.jpg,4
644909.jpg,0
234580.jpg,2
599365.jpg,4
116656.jpg,4
497346.jpg,4
746030.jpg,0
314498.jpg,2
622307.jpg,3
825990.jpg,0
974329.jpg,4
852570.jpg,3
229660.jpg,3
300281.jpg,2
555851.jpg,3
713583.jpg,2
